30/07/15,1438214400,0
31/07/15,1438300800,0
01/08/15,1438387200,0
02/08/15,1438473600,0
03/08/15,1438560000,0
04/08/15,1438646400,0
05/08/15,1438732800,0
06/08/15,1438819200,0
07/08/15,1438905600,0
08/08/15,1438992000,0
09/08/15,1439078400,0
10/08/15,1439164800,0
11/08/15,1439251200,0
12/08/15,1439337600,0
13/08/15,1439424000,0
14/08/15,1439510400,0
15/08/15,1439596800,0
16/08/15,1439683200,0
17/08/15,1439769600,0
18/08/15,1439856000,0
19/08/15,1439942400,0
20/08/15,1440028800,0
21/08/15,1440115200,0
22/08/15,1440201600,0
23/08/15,1440288000,0
24/08/15,1440374400,0
25/08/15,1440460800,0
26/08/15,1440547200,0
27/08/15,1440633600,0
28/08/15,1440720000,0
29/08/15,1440806400,0
30/08/15,1440892800,0
31/08/15,1440979200,0
01/09/15,1441065600,0
02/09/15,1441152000,0
03/09/15,1441238400,0
04/09/15,1441324800,0
05/09/15,1441411200,0
06/09/15,1441497600,0
07/09/15,1441584000,0
08/09/15,1441670400,0
09/09/15,1441756800,0
10/09/15,1441843200,0
11/09/15,1441929600,0
12/09/15,1442016000,0
13/09/15,1442102400,0
14/09/15,1442188800,0
15/09/15,1442275200,0
16/09/15,1442361600,0
17/09/15,1442448000,0
18/09/15,1442534400,0
19/09/15,1442620800,0
20/09/15,1442707200,0
21/09/15,1442793600,0
22/09/15,1442880000,0
23/09/15,1442966400,0
24/09/15,1443052800,0
25/09/15,1443139200,0
26/09/15,1443225600,0
27/09/15,1443312000,0
28/09/15,1443398400,0
29/09/15,1443484800,0
30/09/15,1443571200,0
01/10/15,1443657600,0
02/10/15,1443744000,0
03/10/15,1443830400,0
04/10/15,1443916800,0
05/10/15,1444003200,0
06/10/15,1444089600,0
07/10/15,1444176000,0
08/10/15,1444262400,0
09/10/15,1444348800,0
10/10/15,1444435200,0
11/10/15,1444521600,0
12/10/15,1444608000,0
13/10/15,1444694400,0
14/10/15,1444780800,0
15/10/15,1444867200,0
16/10/15,1444953600,0
17/10/15,1445040000,0
18/10/15,1445126400,0
19/10/15,1445212800,0
20/10/15,1445299200,0
21/10/15,1445385600,0
22/10/15,1445472000,0
23/10/15,1445558400,0
24/10/15,1445644800,0
25/10/15,1445731200,0
26/10/15,1445817600,0
27/10/15,1445904000,0
28/10/15,1445990400,0
29/10/15,1446076800,0
30/10/15,1446163200,3
31/10/15,1446249600,0
01/11/15,1446336000,0
02/11/15,1446422400,1
03/11/15,1446508800,30
04/11/15,1446595200,18
05/11/15,1446681600,12
06/11/15,1446768000,0
07/11/15,1446854400,0
08/11/15,1446940800,18
09/11/15,1447027200,39
10/11/15,1447113600,39
11/11/15,1447200000,27
12/11/15,1447286400,5
13/11/15,1447372800,3
14/11/15,1447459200,1
15/11/15,1447545600,4
16/11/15,1447632000,2
17/11/15,1447718400,0
18/11/15,1447804800,1
19/11/15,1447891200,0
20/11/15,1447977600,2
21/11/15,1448064000,0
22/11/15,1448150400,0
23/11/15,1448236800,0
24/11/15,1448323200,0
25/11/15,1448409600,0
26/11/15,1448496000,2
27/11/15,1448582400,0
28/11/15,1448668800,3
29/11/15,1448755200,1
30/11/15,1448841600,0
01/12/15,1448928000,0
02/12/15,1449014400,1
03/12/15,1449100800,1
04/12/15,1449187200,16
05/12/15,1449273600,7
06/12/15,1449360000,4
07/12/15,1449446400,6
08/12/15,1449532800,5
09/12/15,1449619200,1
10/12/15,1449705600,9
11/12/15,1449792000,6
12/12/15,1449878400,3
13/12/15,1449964800,1
14/12/15,1450051200,4
15/12/15,1450137600,4
16/12/15,1450224000,0
17/12/15,1450310400,0
18/12/15,1450396800,0
19/12/15,1450483200,0
20/12/15,1450569600,0
21/12/15,1450656000,2
22/12/15,1450742400,0
23/12/15,1450828800,4
24/12/15,1450915200,0
25/12/15,1451001600,0
26/12/15,1451088000,3
27/12/15,1451174400,0
28/12/15,1451260800,1
29/12/15,1451347200,2
30/12/15,1451433600,2
31/12/15,1451520000,0
01/01/16,1451606400,0
02/01/16,1451692800,0
03/01/16,1451779200,0
04/01/16,1451865600,0
05/01/16,1451952000,0
06/01/16,1452038400,1
07/01/16,1452124800,5
08/01/16,1452211200,0
09/01/16,1452297600,7
10/01/16,1452384000,0
11/01/16,1452470400,0
12/01/16,1452556800,1
13/01/16,1452643200,1
14/01/16,1452729600,3
15/01/16,1452816000,8
16/01/16,1452902400,0
17/01/16,1452988800,2
18/01/16,1453075200,3
19/01/16,1453161600,1
20/01/16,1453248000,4
21/01/16,1453334400,3
22/01/16,1453420800,4
23/01/16,1453507200,4
24/01/16,1453593600,5
25/01/16,1453680000,2
26/01/16,1453766400,4
27/01/16,1453852800,1
28/01/16,1453939200,1049
29/01/16,1454025600,232
30/01/16,1454112000,13
31/01/16,1454198400,2
01/02/16,1454284800,13
02/02/16,1454371200,169
03/02/16,1454457600,24
04/02/16,1454544000,8
05/02/16,1454630400,12
06/02/16,1454716800,9
07/02/16,1454803200,21
08/02/16,1454889600,32
09/02/16,1454976000,5
10/02/16,1455062400,13
11/02/16,1455148800,51
12/02/16,1455235200,10
13/02/16,1455321600,3
14/02/16,1455408000,6
15/02/16,1455494400,23
16/02/16,1455580800,16
17/02/16,1455667200,25
18/02/16,1455753600,8
19/02/16,1455840000,4
20/02/16,1455926400,0
21/02/16,1456012800,3
22/02/16,1456099200,24
23/02/16,1456185600,39
24/02/16,1456272000,34
25/02/16,1456358400,33
26/02/16,1456444800,38
27/02/16,1456531200,11
28/02/16,1456617600,9
29/02/16,1456704000,45
01/03/16,1456790400,40
02/03/16,1456876800,46
03/03/16,1456963200,28
04/03/16,1457049600,141
05/03/16,1457136000,8
06/03/16,1457222400,27
07/03/16,1457308800,24
08/03/16,1457395200,63
09/03/16,1457481600,44
10/03/16,1457568000,38
11/03/16,1457654400,66
12/03/16,1457740800,54
13/03/16,1457827200,27
14/03/16,1457913600,40
15/03/16,1458000000,31
16/03/16,1458086400,26
17/03/16,1458172800,32
18/03/16,1458259200,31
19/03/16,1458345600,23
20/03/16,1458432000,63
21/03/16,1458518400,324
22/03/16,1458604800,3072
23/03/16,1458691200,906
24/03/16,1458777600,4911
25/03/16,1458864000,2164
26/03/16,1458950400,5508
27/03/16,1459036800,510
28/03/16,1459123200,4227
29/03/16,1459209600,683
30/03/16,1459296000,2753
31/03/16,1459382400,571
01/04/16,1459468800,3250
02/04/16,1459555200,471
03/04/16,1459641600,514
04/04/16,1459728000,3419
05/04/16,1459814400,6172
06/04/16,1459900800,1142
07/04/16,1459987200,2154
08/04/16,1460073600,4097
09/04/16,1460160000,1200
10/04/16,1460246400,513
11/04/16,1460332800,468
12/04/16,1460419200,2264
13/04/16,1460505600,1573
14/04/16,1460592000,1247
15/04/16,1460678400,4724
16/04/16,1460764800,247
17/04/16,1460851200,214
18/04/16,1460937600,1351
19/04/16,1461024000,1097
20/04/16,1461110400,1092
21/04/16,1461196800,875
22/04/16,1461283200,239
23/04/16,1461369600,167
24/04/16,1461456000,2124
25/04/16,1461542400,2967
26/04/16,1461628800,772
27/04/16,1461715200,297
28/04/16,1461801600,1420
29/04/16,1461888000,1285
30/04/16,1461974400,379
01/05/16,1462060800,1385
02/05/16,1462147200,243
03/05/16,1462233600,315
04/05/16,1462320000,1237
05/05/16,1462406400,414
06/05/16,1462492800,4039
07/05/16,1462579200,333
08/05/16,1462665600,1400
09/05/16,1462752000,346
10/05/16,1462838400,418
11/05/16,1462924800,347
12/05/16,1463011200,1630
13/05/16,1463097600,276
14/05/16,1463184000,1488
15/05/16,1463270400,232
16/05/16,1463356800,1207
17/05/16,1463443200,300
18/05/16,1463529600,1037
19/05/16,1463616000,598
20/05/16,1463702400,219
21/05/16,1463788800,1067
22/05/16,1463875200,151
23/05/16,1463961600,170
24/05/16,1464048000,257
25/05/16,1464134400,251
26/05/16,1464220800,273
27/05/16,1464307200,344
28/05/16,1464393600,11106
29/05/16,1464480000,3907
30/05/16,1464566400,2340
31/05/16,1464652800,1730
01/06/16,1464739200,1425
02/06/16,1464825600,1018
03/06/16,1464912000,981
04/06/16,1464998400,835
05/06/16,1465084800,947
06/06/16,1465171200,966
07/06/16,1465257600,1132
08/06/16,1465344000,1651
09/06/16,1465430400,1210
10/06/16,1465516800,1132
11/06/16,1465603200,1135
12/06/16,1465689600,1039
13/06/16,1465776000,1705
14/06/16,1465862400,2235
15/06/16,1465948800,1625
16/06/16,1466035200,1338
17/06/16,1466121600,19029
18/06/16,1466208000,4088
19/06/16,1466294400,2018
20/06/16,1466380800,1661
21/06/16,1466467200,4811
22/06/16,1466553600,3233
23/06/16,1466640000,806
24/06/16,1466726400,897
25/06/16,1466812800,662
26/06/16,1466899200,1023
27/06/16,1466985600,811
28/06/16,1467072000,989
29/06/16,1467158400,909
30/06/16,1467244800,707
01/07/16,1467331200,552
02/07/16,1467417600,616
03/07/16,1467504000,578
04/07/16,1467590400,625
05/07/16,1467676800,836
06/07/16,1467763200,540
07/07/16,1467849600,509
08/07/16,1467936000,539
09/07/16,1468022400,851
10/07/16,1468108800,403
11/07/16,1468195200,886
12/07/16,1468281600,527
13/07/16,1468368000,548
14/07/16,1468454400,2651
15/07/16,1468540800,915
16/07/16,1468627200,888
17/07/16,1468713600,519
18/07/16,1468800000,1665
19/07/16,1468886400,777
20/07/16,1468972800,2763
21/07/16,1469059200,2156
22/07/16,1469145600,1512
23/07/16,1469232000,1334
24/07/16,1469318400,1918
25/07/16,1469404800,1432
26/07/16,1469491200,1227
27/07/16,1469577600,1055
28/07/16,1469664000,5766
29/07/16,1469750400,2649
30/07/16,1469836800,1999
31/07/16,1469923200,561
01/08/16,1470009600,826
02/08/16,1470096000,851
03/08/16,1470182400,502
04/08/16,1470268800,524
05/08/16,1470355200,430
06/08/16,1470441600,317
07/08/16,1470528000,983
08/08/16,1470614400,13398
09/08/16,1470700800,1675
10/08/16,1470787200,566
11/08/16,1470873600,407
12/08/16,1470960000,599
13/08/16,1471046400,308
14/08/16,1471132800,280
15/08/16,1471219200,522
16/08/16,1471305600,1275
17/08/16,1471392000,327
18/08/16,1471478400,226
19/08/16,1471564800,323
20/08/16,1471651200,274
21/08/16,1471737600,491
22/08/16,1471824000,674
23/08/16,1471910400,729
24/08/16,1471996800,575
25/08/16,1472083200,494
26/08/16,1472169600,520
27/08/16,1472256000,395
28/08/16,1472342400,528
29/08/16,1472428800,378
30/08/16,1472515200,347
31/08/16,1472601600,383
01/09/16,1472688000,362
02/09/16,1472774400,621
03/09/16,1472860800,267
04/09/16,1472947200,325
05/09/16,1473033600,351
06/09/16,1473120000,707
07/09/16,1473206400,403
08/09/16,1473292800,436
09/09/16,1473379200,276
10/09/16,1473465600,275
11/09/16,1473552000,286
12/09/16,1473638400,501
13/09/16,1473724800,417
14/09/16,1473811200,508
15/09/16,1473897600,485
16/09/16,1473984000,621
17/09/16,1474070400,977
18/09/16,1474156800,302
19/09/16,1474243200,281
20/09/16,1474329600,1039
21/09/16,1474416000,1322
22/09/16,1474502400,310
23/09/16,1474588800,207
24/09/16,1474675200,243
25/09/16,1474761600,398
26/09/16,1474848000,188
27/09/16,1474934400,290
28/09/16,1475020800,311
29/09/16,1475107200,370
30/09/16,1475193600,291
01/10/16,1475280000,221
02/10/16,1475366400,437
03/10/16,1475452800,725
04/10/16,1475539200,5875
05/10/16,1475625600,2196
06/10/16,1475712000,1455
07/10/16,1475798400,1056
08/10/16,1475884800,826
09/10/16,1475971200,729
10/10/16,1476057600,896
11/10/16,1476144000,923
12/10/16,1476230400,631
13/10/16,1476316800,200
14/10/16,1476403200,254
15/10/16,1476489600,104
16/10/16,1476576000,134
17/10/16,1476662400,457
18/10/16,1476748800,522
19/10/16,1476835200,1807
20/10/16,1476921600,486
21/10/16,1477008000,3025
22/10/16,1477094400,726
23/10/16,1477180800,585
24/10/16,1477267200,2241
25/10/16,1477353600,2498
26/10/16,1477440000,1734
27/10/16,1477526400,2031
28/10/16,1477612800,3030
29/10/16,1477699200,3665
30/10/16,1477785600,2886
31/10/16,1477872000,1013
01/11/16,1477958400,5504
02/11/16,1478044800,774
03/11/16,1478131200,636
04/11/16,1478217600,428
05/11/16,1478304000,465
06/11/16,1478390400,396
07/11/16,1478476800,470
08/11/16,1478563200,535
09/11/16,1478649600,559
10/11/16,1478736000,478
11/11/16,1478822400,1358
12/11/16,1478908800,979
13/11/16,1478995200,1486
14/11/16,1479081600,1731
15/11/16,1479168000,1374
16/11/16,1479254400,1053
17/11/16,1479340800,764
18/11/16,1479427200,730
19/11/16,1479513600,613
20/11/16,1479600000,702
21/11/16,1479686400,740
22/11/16,1479772800,2692
23/11/16,1479859200,439
24/11/16,1479945600,321
25/11/16,1480032000,342
26/11/16,1480118400,1022
27/11/16,1480204800,320
28/11/16,1480291200,632
29/11/16,1480377600,1571
30/11/16,1480464000,578
01/12/16,1480550400,586
02/12/16,1480636800,1701
03/12/16,1480723200,413
04/12/16,1480809600,460
05/12/16,1480896000,805
06/12/16,1480982400,1055
07/12/16,1481068800,4554
08/12/16,1481155200,749
09/12/16,1481241600,682
10/12/16,1481328000,1920
11/12/16,1481414400,812
12/12/16,1481500800,712
13/12/16,1481587200,1160
14/12/16,1481673600,2410
15/12/16,1481760000,1641
16/12/16,1481846400,615
17/12/16,1481932800,472
18/12/16,1482019200,557
19/12/16,1482105600,2228
20/12/16,1482192000,999
21/12/16,1482278400,5382
22/12/16,1482364800,3739
23/12/16,1482451200,1924
24/12/16,1482537600,550
25/12/16,1482624000,565
26/12/16,1482710400,636
27/12/16,1482796800,2865
28/12/16,1482883200,1466
29/12/16,1482969600,1915
30/12/16,1483056000,2031
31/12/16,1483142400,568
01/01/17,1483228800,489
02/01/17,1483315200,683
03/01/17,1483401600,3083
04/01/17,1483488000,1769
05/01/17,1483574400,2593
06/01/17,1483660800,2024
07/01/17,1483747200,1865
08/01/17,1483833600,1729
09/01/17,1483920000,1413
10/01/17,1484006400,2845
11/01/17,1484092800,1175
12/01/17,1484179200,2240
13/01/17,1484265600,2584
14/01/17,1484352000,1286
15/01/17,1484438400,1460
16/01/17,1484524800,902
17/01/17,1484611200,2893
18/01/17,1484697600,1171
19/01/17,1484784000,2315
20/01/17,1484870400,2548
21/01/17,1484956800,1405
22/01/17,1485043200,1761
23/01/17,1485129600,1374
24/01/17,1485216000,3756
25/01/17,1485302400,2594
26/01/17,1485388800,2890
27/01/17,1485475200,2887
28/01/17,1485561600,1594
29/01/17,1485648000,1493
30/01/17,1485734400,937
31/01/17,1485820800,3123
01/02/17,1485907200,3402
02/02/17,1485993600,2449
03/02/17,1486080000,2866
04/02/17,1486166400,1571
05/02/17,1486252800,1858
06/02/17,1486339200,1078
07/02/17,1486425600,3180
08/02/17,1486512000,2414
09/02/17,1486598400,2590
10/02/17,1486684800,2477
11/02/17,1486771200,1658
12/02/17,1486857600,1857
13/02/17,1486944000,1297
14/02/17,1487030400,3205
15/02/17,1487116800,2273
16/02/17,1487203200,1173
17/02/17,1487289600,931
18/02/17,1487376000,3119
19/02/17,1487462400,1100
20/02/17,1487548800,1317
21/02/17,1487635200,12748
22/02/17,1487721600,4522
23/02/17,1487808000,2715
24/02/17,1487894400,3034
25/02/17,1487980800,3781
26/02/17,1488067200,2067
27/02/17,1488153600,1999
28/02/17,1488240000,3935
01/03/17,1488326400,2353
02/03/17,1488412800,3582
03/03/17,1488499200,3518
04/03/17,1488585600,1846
05/03/17,1488672000,1799
06/03/17,1488758400,1239
07/03/17,1488844800,3012
08/03/17,1488931200,2128
09/03/17,1489017600,3692
10/03/17,1489104000,3181
11/03/17,1489190400,2516
12/03/17,1489276800,2349
13/03/17,1489363200,2394
14/03/17,1489449600,3734
15/03/17,1489536000,3690
16/03/17,1489622400,4925
17/03/17,1489708800,4400
18/03/17,1489795200,4369
19/03/17,1489881600,2747
20/03/17,1489968000,2448
21/03/17,1490054400,4949
22/03/17,1490140800,3228
23/03/17,1490227200,4379
24/03/17,1490313600,4347
25/03/17,1490400000,3608
26/03/17,1490486400,3168
27/03/17,1490572800,4075
28/03/17,1490659200,4930
29/03/17,1490745600,12372
30/03/17,1490832000,9426
31/03/17,1490918400,6168
01/04/17,1491004800,3872
02/04/17,1491091200,3427
03/04/17,1491177600,2999
04/04/17,1491264000,4705
05/04/17,1491350400,3870
06/04/17,1491436800,5273
07/04/17,1491523200,4726
08/04/17,1491609600,4077
09/04/17,1491696000,3422
10/04/17,1491782400,2756
11/04/17,1491868800,4882
12/04/17,1491955200,3334
13/04/17,1492041600,8453
14/04/17,1492128000,4674
15/04/17,1492214400,3921
16/04/17,1492300800,3501
17/04/17,1492387200,3082
18/04/17,1492473600,8050
19/04/17,1492560000,10935
20/04/17,1492646400,6183
21/04/17,1492732800,6770
22/04/17,1492819200,4910
23/04/17,1492905600,4450
24/04/17,1492992000,4876
25/04/17,1493078400,8001
26/04/17,1493164800,6886
27/04/17,1493251200,14782
28/04/17,1493337600,18207
29/04/17,1493424000,8731
30/04/17,1493510400,11062
01/05/17,1493596800,19940
02/05/17,1493683200,16898
03/05/17,1493769600,13989
04/05/17,1493856000,13833
05/05/17,1493942400,9467
06/05/17,1494028800,10864
07/05/17,1494115200,8510
08/05/17,1494201600,10555
09/05/17,1494288000,10396
10/05/17,1494374400,9910
11/05/17,1494460800,10478
12/05/17,1494547200,8873
13/05/17,1494633600,11961
14/05/17,1494720000,6972
15/05/17,1494806400,11479
16/05/17,1494892800,7994
17/05/17,1494979200,15724
18/05/17,1495065600,12780
19/05/17,1495152000,11795
20/05/17,1495238400,11619
21/05/17,1495324800,12349
22/05/17,1495411200,10083
23/05/17,1495497600,14557
24/05/17,1495584000,16289
25/05/17,1495670400,13205
26/05/17,1495756800,10409
27/05/17,1495843200,8980
28/05/17,1495929600,11565
29/05/17,1496016000,10392
30/05/17,1496102400,12970
31/05/17,1496188800,11826
01/06/17,1496275200,13292
02/06/17,1496361600,23909
03/06/17,1496448000,14355
04/06/17,1496534400,15977
05/06/17,1496620800,16560
06/06/17,1496707200,16533
07/06/17,1496793600,23162
08/06/17,1496880000,17998
09/06/17,1496966400,28753
10/06/17,1497052800,17530
11/06/17,1497139200,15852
12/06/17,1497225600,46239
13/06/17,1497312000,22017
14/06/17,1497398400,20193
15/06/17,1497484800,23946
16/06/17,1497571200,24768
17/06/17,1497657600,24713
18/06/17,1497744000,17626
19/06/17,1497830400,35659
20/06/17,1497916800,35761
21/06/17,1498003200,28052
22/06/17,1498089600,24804
23/06/17,1498176000,29852
24/06/17,1498262400,20945
25/06/17,1498348800,23475
26/06/17,1498435200,22361
27/06/17,1498521600,26255
28/06/17,1498608000,37226
29/06/17,1498694400,42616
30/06/17,1498780800,26916
01/07/17,1498867200,29520
02/07/17,1498953600,39904
03/07/17,1499040000,51372
04/07/17,1499126400,40162
05/07/17,1499212800,48160
06/07/17,1499299200,51455
07/07/17,1499385600,62015
08/07/17,1499472000,46256
09/07/17,1499558400,42928
10/07/17,1499644800,53163
11/07/17,1499731200,49699
12/07/17,1499817600,52559
13/07/17,1499904000,40443
14/07/17,1499990400,36435
15/07/17,1500076800,38548
16/07/17,1500163200,42517
17/07/17,1500249600,40592
18/07/17,1500336000,35337
19/07/17,1500422400,45759
20/07/17,1500508800,37663
21/07/17,1500595200,35455
22/07/17,1500681600,38351
23/07/17,1500768000,45139
24/07/17,1500854400,49597
25/07/17,1500940800,44386
26/07/17,1501027200,36515
27/07/17,1501113600,36215
28/07/17,1501200000,45389
29/07/17,1501286400,26292
30/07/17,1501372800,29941
31/07/17,1501459200,43935
01/08/17,1501545600,30251
02/08/17,1501632000,38190
03/08/17,1501718400,39493
04/08/17,1501804800,40320
05/08/17,1501891200,51896
06/08/17,1501977600,62029
07/08/17,1502064000,50529
08/08/17,1502150400,54576
09/08/17,1502236800,42638
10/08/17,1502323200,67587
11/08/17,1502409600,79200
12/08/17,1502496000,78973
13/08/17,1502582400,65681
14/08/17,1502668800,81847
15/08/17,1502755200,98986
16/08/17,1502841600,90667
17/08/17,1502928000,82537
18/08/17,1503014400,74708
19/08/17,1503100800,72890
20/08/17,1503187200,59027
21/08/17,1503273600,79662
22/08/17,1503360000,85798
23/08/17,1503446400,65007
24/08/17,1503532800,78570
25/08/17,1503619200,76949
26/08/17,1503705600,69846
27/08/17,1503792000,74236
28/08/17,1503878400,77140
29/08/17,1503964800,93003
30/08/17,1504051200,95742
31/08/17,1504137600,72950
01/09/17,1504224000,83475
02/09/17,1504310400,75348
03/09/17,1504396800,70635
04/09/17,1504483200,101317
05/09/17,1504569600,115015
06/09/17,1504656000,141070
07/09/17,1504742400,128248
08/09/17,1504828800,142201
09/09/17,1504915200,112041
10/09/17,1505001600,84627
11/09/17,1505088000,88764
12/09/17,1505174400,106220
13/09/17,1505260800,108073
14/09/17,1505347200,116596
15/09/17,1505433600,128673
16/09/17,1505520000,110903
17/09/17,1505606400,142277
18/09/17,1505692800,143449
19/09/17,1505779200,135141
20/09/17,1505865600,98003
21/09/17,1505952000,129468
22/09/17,1506038400,112697
23/09/17,1506124800,93864
24/09/17,1506211200,66172
25/09/17,1506297600,88410
26/09/17,1506384000,100752
27/09/17,1506470400,98936
28/09/17,1506556800,98623
29/09/17,1506643200,75941
30/09/17,1506729600,69309
01/10/17,1506816000,70350
02/10/17,1506902400,73284
03/10/17,1506988800,76597
04/10/17,1507075200,62396
05/10/17,1507161600,63472
06/10/17,1507248000,66861
07/10/17,1507334400,73014
08/10/17,1507420800,78219
09/10/17,1507507200,78959
10/10/17,1507593600,95128
11/10/17,1507680000,77894
12/10/17,1507766400,93663
13/10/17,1507852800,95874
14/10/17,1507939200,89823
15/10/17,1508025600,80684
16/10/17,1508112000,145630
17/10/17,1508198400,161702
18/10/17,1508284800,123933
19/10/17,1508371200,128913
20/10/17,1508457600,136849
21/10/17,1508544000,91174
22/10/17,1508630400,66745
23/10/17,1508716800,154838
24/10/17,1508803200,144208
25/10/17,1508889600,156660
26/10/17,1508976000,187325
27/10/17,1509062400,214386
28/10/17,1509148800,243856
29/10/17,1509235200,253731
30/10/17,1509321600,256519
31/10/17,1509408000,240472
01/11/17,1509494400,223768
02/11/17,1509580800,253204
03/11/17,1509667200,294808
04/11/17,1509753600,235018
05/11/17,1509840000,153907
06/11/17,1509926400,148561
07/11/17,1510012800,155062
08/11/17,1510099200,139532
09/11/17,1510185600,111893
10/11/17,1510272000,128946
11/11/17,1510358400,218484
12/11/17,1510444800,206204
13/11/17,1510531200,205781
14/11/17,1510617600,188896
15/11/17,1510704000,142548
16/11/17,1510790400,148203
17/11/17,1510876800,143762
18/11/17,1510963200,231331
19/11/17,1511049600,206858
20/11/17,1511136000,193524
21/11/17,1511222400,182748
22/11/17,1511308800,157860
23/11/17,1511395200,149862
24/11/17,1511481600,165538
25/11/17,1511568000,211435
26/11/17,1511654400,151326
27/11/17,1511740800,1073786
28/11/17,1511827200,237782
29/11/17,1511913600,181308
30/11/17,1512000000,143323
01/12/17,1512086400,151361
02/12/17,1512172800,170000
03/12/17,1512259200,141307
04/12/17,1512345600,100010
05/12/17,1512432000,88114
06/12/17,1512518400,72299
07/12/17,1512604800,68129
08/12/17,1512691200,110395
09/12/17,1512777600,120314
10/12/17,1512864000,108130
11/12/17,1512950400,115171
12/12/17,1513036800,147987
13/12/17,1513123200,157743
14/12/17,1513209600,150349
15/12/17,1513296000,135735
16/12/17,1513382400,173225
17/12/17,1513468800,172447
18/12/17,1513555200,191702
19/12/17,1513641600,207166
20/12/17,1513728000,164530
21/12/17,1513814400,232811
22/12/17,1513900800,214197
23/12/17,1513987200,239151
24/12/17,1514073600,151163
25/12/17,1514160000,173411
26/12/17,1514246400,225798
27/12/17,1514332800,274274
28/12/17,1514419200,253695
29/12/17,1514505600,209915
30/12/17,1514592000,157357
31/12/17,1514678400,174644
01/01/18,1514764800,175286
02/01/18,1514851200,203644
03/01/18,1514937600,190084
04/01/18,1515024000,155054
05/01/18,1515110400,173793
06/01/18,1515196800,183551
07/01/18,1515283200,201285
08/01/18,1515369600,200436
09/01/18,1515456000,189331
10/01/18,1515542400,183106
11/01/18,1515628800,190622
12/01/18,1515715200,209485
13/01/18,1515801600,193604
14/01/18,1515888000,206810
15/01/18,1515974400,203509
16/01/18,1516060800,207563
17/01/18,1516147200,201492
18/01/18,1516233600,216466
19/01/18,1516320000,209212
20/01/18,1516406400,245993
21/01/18,1516492800,212840
22/01/18,1516579200,216984
23/01/18,1516665600,233854
24/01/18,1516752000,252762
25/01/18,1516838400,277511
26/01/18,1516924800,283025
27/01/18,1517011200,210746
28/01/18,1517097600,213608
29/01/18,1517184000,190018
30/01/18,1517270400,212863
31/01/18,1517356800,243610
01/02/18,1517443200,224597
02/02/18,1517529600,225479
03/02/18,1517616000,194613
04/02/18,1517702400,242788
05/02/18,1517788800,216591
06/02/18,1517875200,237033
07/02/18,1517961600,211758
08/02/18,1518048000,191457
09/02/18,1518134400,219925
10/02/18,1518220800,252436
11/02/18,1518307200,273057
12/02/18,1518393600,263209
13/02/18,1518480000,240902
14/02/18,1518566400,220071
15/02/18,1518652800,248794
16/02/18,1518739200,248264
17/02/18,1518825600,267125
18/02/18,1518912000,281703
19/02/18,1518998400,289141
20/02/18,1519084800,350125
21/02/18,1519171200,323737
22/02/18,1519257600,350217
23/02/18,1519344000,360164
24/02/18,1519430400,375435
25/02/18,1519516800,319484
26/02/18,1519603200,272691
27/02/18,1519689600,266713
28/02/18,1519776000,338740
01/03/18,1519862400,296577
02/03/18,1519948800,353955
03/03/18,1520035200,313855
04/03/18,1520121600,297585
05/03/18,1520208000,324160
06/03/18,1520294400,278642
07/03/18,1520380800,287118
08/03/18,1520467200,325276
09/03/18,1520553600,349995
10/03/18,1520640000,255820
11/03/18,1520726400,296067
12/03/18,1520812800,390982
13/03/18,1520899200,353854
14/03/18,1520985600,316058
15/03/18,1521072000,395535
16/03/18,1521158400,342155
17/03/18,1521244800,325819
18/03/18,1521331200,344319
19/03/18,1521417600,337492
20/03/18,1521504000,311527
21/03/18,1521590400,281591
22/03/18,1521676800,229749
23/03/18,1521763200,264649
24/03/18,1521849600,254941
25/03/18,1521936000,239663
26/03/18,1522022400,261672
27/03/18,1522108800,270789
28/03/18,1522195200,284790
29/03/18,1522281600,276057
30/03/18,1522368000,291642
31/03/18,1522454400,265074
01/04/18,1522540800,294982
02/04/18,1522627200,294175
03/04/18,1522713600,296515
04/04/18,1522800000,235067
05/04/18,1522886400,288593
06/04/18,1522972800,255340
07/04/18,1523059200,319255
08/04/18,1523145600,299111
09/04/18,1523232000,315542
10/04/18,1523318400,358567
11/04/18,1523404800,403541
12/04/18,1523491200,358084
13/04/18,1523577600,341099
14/04/18,1523664000,265977
15/04/18,1523750400,281523
16/04/18,1523836800,319150
17/04/18,1523923200,340321
18/04/18,1524009600,384043
19/04/18,1524096000,465056
20/04/18,1524182400,482366
21/04/18,1524268800,307736
22/04/18,1524355200,375095
23/04/18,1524441600,306793
24/04/18,1524528000,350572
25/04/18,1524614400,368653
26/04/18,1524700800,435335
27/04/18,1524787200,386241
28/04/18,1524873600,361009
29/04/18,1524960000,313576
30/04/18,1525046400,350925
01/05/18,1525132800,404238
02/05/18,1525219200,482047
03/05/18,1525305600,471404
04/05/18,1525392000,328748
05/05/18,1525478400,531986
06/05/18,1525564800,537209
07/05/18,1525651200,375478
08/05/18,1525737600,353127
09/05/18,1525824000,407252
10/05/18,1525910400,382960
11/05/18,1525996800,412050
12/05/18,1526083200,445465
13/05/18,1526169600,443167
14/05/18,1526256000,344209
15/05/18,1526342400,414071
16/05/18,1526428800,415292
17/05/18,1526515200,385143
18/05/18,1526601600,388178
19/05/18,1526688000,386988
20/05/18,1526774400,428355
21/05/18,1526860800,418601
22/05/18,1526947200,374477
23/05/18,1527033600,409045
24/05/18,1527120000,399975
25/05/18,1527206400,411424
26/05/18,1527292800,429768
27/05/18,1527379200,404451
28/05/18,1527465600,369953
29/05/18,1527552000,404726
30/05/18,1527638400,363851
31/05/18,1527724800,354968
01/06/18,1527811200,446065
02/06/18,1527897600,465165
03/06/18,1527984000,450050
04/06/18,1528070400,430736
05/06/18,1528156800,420419
06/06/18,1528243200,386670
07/06/18,1528329600,375175
08/06/18,1528416000,501936
09/06/18,1528502400,461425
10/06/18,1528588800,453014
11/06/18,1528675200,371213
12/06/18,1528761600,386982
13/06/18,1528848000,544412
14/06/18,1528934400,443722
15/06/18,1529020800,353070
16/06/18,1529107200,1475639
17/06/18,1529193600,364906
18/06/18,1529280000,397001
19/06/18,1529366400,443612
20/06/18,1529452800,448317
21/06/18,1529539200,401233
22/06/18,1529625600,440886
23/06/18,1529712000,393996
24/06/18,1529798400,390762
25/06/18,1529884800,439301
26/06/18,1529971200,488199
27/06/18,1530057600,526494
28/06/18,1530144000,506986
29/06/18,1530230400,429761
30/06/18,1530316800,733417
01/07/18,1530403200,840312
02/07/18,1530489600,891250
03/07/18,1530576000,830801
04/07/18,1530662400,872559
05/07/18,1530748800,834019
06/07/18,1530835200,957337
07/07/18,1530921600,941036
08/07/18,1531008000,661175
09/07/18,1531094400,663149
10/07/18,1531180800,627467
11/07/18,1531267200,749544
12/07/18,1531353600,831996
13/07/18,1531440000,886477
14/07/18,1531526400,1019707
15/07/18,1531612800,970851
16/07/18,1531699200,518095
17/07/18,1531785600,518773
18/07/18,1531872000,457999
19/07/18,1531958400,447863
20/07/18,1532044800,333735
21/07/18,1532131200,311927
22/07/18,1532217600,451082
23/07/18,1532304000,412827
24/07/18,1532390400,423843
25/07/18,1532476800,428902
26/07/18,1532563200,445055
27/07/18,1532649600,413196
28/07/18,1532736000,330478
29/07/18,1532822400,421860
30/07/18,1532908800,468438
31/07/18,1532995200,438754
01/08/18,1533081600,446236
02/08/18,1533168000,443687
03/08/18,1533254400,455770
04/08/18,1533340800,481942
05/08/18,1533427200,479012
06/08/18,1533513600,461331
07/08/18,1533600000,264940
08/08/18,1533686400,126846
09/08/18,1533772800,123821
10/08/18,1533859200,205258
11/08/18,1533945600,382522
12/08/18,1534032000,396854
13/08/18,1534118400,393673
14/08/18,1534204800,380815
15/08/18,1534291200,380792
16/08/18,1534377600,389421
17/08/18,1534464000,266919
18/08/18,1534550400,442684
19/08/18,1534636800,378835
20/08/18,1534723200,404034
21/08/18,1534809600,462010
22/08/18,1534896000,375835
23/08/18,1534982400,405345
24/08/18,1535068800,400662
25/08/18,1535155200,439799
26/08/18,1535241600,373155
27/08/18,1535328000,580315
28/08/18,1535414400,523597
29/08/18,1535500800,440490
30/08/18,1535587200,421909
31/08/18,1535673600,376179
01/09/18,1535760000,371575
02/09/18,1535846400,385235
03/09/18,1535932800,371834
04/09/18,1536019200,334268
05/09/18,1536105600,336793
06/09/18,1536192000,424738
07/09/18,1536278400,600430
08/09/18,1536364800,357906
09/09/18,1536451200,324172
10/09/18,1536537600,331924
11/09/18,1536624000,342723
12/09/18,1536710400,342946
13/09/18,1536796800,360753
14/09/18,1536883200,424686
15/09/18,1536969600,418192
16/09/18,1537056000,424321
17/09/18,1537142400,421375
18/09/18,1537228800,402834
19/09/18,1537315200,224532
20/09/18,1537401600,395470
21/09/18,1537488000,358058
22/09/18,1537574400,374690
23/09/18,1537660800,384820
24/09/18,1537747200,400717
25/09/18,1537833600,430215
26/09/18,1537920000,443450
27/09/18,1538006400,422304
28/09/18,1538092800,372263
29/09/18,1538179200,254676
30/09/18,1538265600,369986
01/10/18,1538352000,385445
02/10/18,1538438400,345044
03/10/18,1538524800,367465
04/10/18,1538611200,397961
05/10/18,1538697600,391881
06/10/18,1538784000,348785
07/10/18,1538870400,285009
08/10/18,1538956800,298503
09/10/18,1539043200,356105
10/10/18,1539129600,246976
11/10/18,1539216000,281024
12/10/18,1539302400,631756
13/10/18,1539388800,319139
14/10/18,1539475200,316448
15/10/18,1539561600,292318
16/10/18,1539648000,302794
17/10/18,1539734400,291295
18/10/18,1539820800,384805
19/10/18,1539907200,332479
20/10/18,1539993600,383307
21/10/18,1540080000,329017
22/10/18,1540166400,370811
23/10/18,1540252800,330894
24/10/18,1540339200,276826
25/10/18,1540425600,307826
26/10/18,1540512000,303061
27/10/18,1540598400,332163
28/10/18,1540684800,363977
29/10/18,1540771200,345330
30/10/18,1540857600,357419
31/10/18,1540944000,359762
01/11/18,1541030400,351771
02/11/18,1541116800,322662
03/11/18,1541203200,325996
04/11/18,1541289600,271182
05/11/18,1541376000,254816
06/11/18,1541462400,339161
07/11/18,1541548800,304557
08/11/18,1541635200,315268
09/11/18,1541721600,301642
10/11/18,1541808000,327033
11/11/18,1541894400,399326
12/11/18,1541980800,316717
13/11/18,1542067200,281355
14/11/18,1542153600,292462
15/11/18,1542240000,233230
16/11/18,1542326400,264004
17/11/18,1542412800,262588
18/11/18,1542499200,243736
19/11/18,1542585600,258576
20/11/18,1542672000,276695
21/11/18,1542758400,317301
22/11/18,1542844800,310142
23/11/18,1542931200,279262
24/11/18,1543017600,265089
25/11/18,1543104000,279125
26/11/18,1543190400,299404
27/11/18,1543276800,333313
28/11/18,1543363200,308999
29/11/18,1543449600,280025
30/11/18,1543536000,363108
01/12/18,1543622400,245267
02/12/18,1543708800,253299
03/12/18,1543795200,282990
04/12/18,1543881600,276718
05/12/18,1543968000,308057
06/12/18,1544054400,322519
07/12/18,1544140800,281196
08/12/18,1544227200,299509
09/12/18,1544313600,305534
10/12/18,1544400000,384930
11/12/18,1544486400,361252
12/12/18,1544572800,369658
13/12/18,1544659200,329231
14/12/18,1544745600,313661
15/12/18,1544832000,320872
16/12/18,1544918400,366853
17/12/18,1545004800,333888
18/12/18,1545091200,326153
19/12/18,1545177600,317298
20/12/18,1545264000,336525
21/12/18,1545350400,318356
22/12/18,1545436800,319006
23/12/18,1545523200,277411
24/12/18,1545609600,333219
25/12/18,1545696000,285056
26/12/18,1545782400,348491
27/12/18,1545868800,387855
28/12/18,1545955200,402862
29/12/18,1546041600,345464
30/12/18,1546128000,300068
31/12/18,1546214400,387615
01/01/19,1546300800,282493
02/01/19,1546387200,350991
03/01/19,1546473600,339440
04/01/19,1546560000,310372
05/01/19,1546646400,305018
06/01/19,1546732800,287571
07/01/19,1546819200,320484
08/01/19,1546905600,303793
09/01/19,1546992000,301296
10/01/19,1547078400,322495
11/01/19,1547164800,309326
12/01/19,1547251200,251020
13/01/19,1547337600,267725
14/01/19,1547424000,253511
15/01/19,1547510400,250482
16/01/19,1547596800,258389
17/01/19,1547683200,292396
18/01/19,1547769600,314265
19/01/19,1547856000,325482
20/01/19,1547942400,352724
21/01/19,1548028800,362179
22/01/19,1548115200,409857
23/01/19,1548201600,277494
24/01/19,1548288000,305080
25/01/19,1548374400,305279
26/01/19,1548460800,319567
27/01/19,1548547200,285539
28/01/19,1548633600,292129
29/01/19,1548720000,341264
30/01/19,1548806400,317055
31/01/19,1548892800,309022
01/02/19,1548979200,289787
02/02/19,1549065600,276583
03/02/19,1549152000,241834
04/02/19,1549238400,262765
05/02/19,1549324800,216499
06/02/19,1549411200,227634
07/02/19,1549497600,230809
08/02/19,1549584000,253033
09/02/19,1549670400,252930
10/02/19,1549756800,204774
11/02/19,1549843200,224251
12/02/19,1549929600,255403
13/02/19,1550016000,286072
14/02/19,1550102400,294993
15/02/19,1550188800,311038
16/02/19,1550275200,261147
17/02/19,1550361600,264686
18/02/19,1550448000,289177
19/02/19,1550534400,322370
20/02/19,1550620800,344624
21/02/19,1550707200,330707
22/02/19,1550793600,359508
23/02/19,1550880000,346227
24/02/19,1550966400,331526
25/02/19,1551052800,321676
26/02/19,1551139200,289973
27/02/19,1551225600,299542
28/02/19,1551312000,365246
01/03/19,1551398400,415590
02/03/19,1551484800,344950
03/03/19,1551571200,326390
04/03/19,1551657600,445589
05/03/19,1551744000,404711
06/03/19,1551830400,375519
07/03/19,1551916800,348291
08/03/19,1552003200,368519
09/03/19,1552089600,319477
10/03/19,1552176000,275759
11/03/19,1552262400,335378
12/03/19,1552348800,301148
13/03/19,1552435200,387195
14/03/19,1552521600,358641
15/03/19,1552608000,351002
16/03/19,1552694400,287556
17/03/19,1552780800,249376
18/03/19,1552867200,376952
19/03/19,1552953600,459402
20/03/19,1553040000,377361
21/03/19,1553126400,435433
22/03/19,1553212800,406400
23/03/19,1553299200,357268
24/03/19,1553385600,311373
25/03/19,1553472000,325590
26/03/19,1553558400,343053
27/03/19,1553644800,437775
28/03/19,1553731200,348420
29/03/19,1553817600,330497
30/03/19,1553904000,423378
31/03/19,1553990400,423097
01/04/19,1554076800,409745
02/04/19,1554163200,392320
03/04/19,1554249600,375742
04/04/19,1554336000,391261
05/04/19,1554422400,323874
06/04/19,1554508800,270869
07/04/19,1554595200,273821
08/04/19,1554681600,339257
09/04/19,1554768000,343874
10/04/19,1554854400,339406
11/04/19,1554940800,356270
12/04/19,1555027200,361404
13/04/19,1555113600,318285
14/04/19,1555200000,318672
15/04/19,1555286400,295531
16/04/19,1555372800,346998
17/04/19,1555459200,361307
18/04/19,1555545600,421910
19/04/19,1555632000,377642
20/04/19,1555718400,353886
21/04/19,1555804800,394887
22/04/19,1555891200,461668
23/04/19,1555977600,437586
24/04/19,1556064000,439083
25/04/19,1556150400,338777
26/04/19,1556236800,366001
27/04/19,1556323200,282692
28/04/19,1556409600,358990
29/04/19,1556496000,365242
30/04/19,1556582400,423180
01/05/19,1556668800,387502
02/05/19,1556755200,310343
03/05/19,1556841600,375126
04/05/19,1556928000,336725
05/05/19,1557014400,332600
06/05/19,1557100800,364582
07/05/19,1557187200,345881
08/05/19,1557273600,340650
09/05/19,1557360000,407535
10/05/19,1557446400,499608
11/05/19,1557532800,409162
12/05/19,1557619200,379982
13/05/19,1557705600,439445
14/05/19,1557792000,445781
15/05/19,1557878400,460125
16/05/19,1557964800,437872
17/05/19,1558051200,410503
18/05/19,1558137600,418775
19/05/19,1558224000,452853
20/05/19,1558310400,468141
21/05/19,1558396800,423008
22/05/19,1558483200,516085
23/05/19,1558569600,466466
24/05/19,1558656000,501874
25/05/19,1558742400,475844
26/05/19,1558828800,402136
27/05/19,1558915200,540432
28/05/19,1559001600,486792
29/05/19,1559088000,544015
30/05/19,1559174400,489077
31/05/19,1559260800,527326
01/06/19,1559347200,560662
02/06/19,1559433600,480786
03/06/19,1559520000,484457
04/06/19,1559606400,495701
05/06/19,1559692800,480533
06/06/19,1559779200,519479
07/06/19,1559865600,402846
08/06/19,1559952000,571902
09/06/19,1560038400,368215
10/06/19,1560124800,609561
11/06/19,1560211200,513576
12/06/19,1560297600,369428
13/06/19,1560384000,361793
14/06/19,1560470400,454653
15/06/19,1560556800,576733
16/06/19,1560643200,435570
17/06/19,1560729600,596076
18/06/19,1560816000,501268
19/06/19,1560902400,505683
20/06/19,1560988800,647489
21/06/19,1561075200,414255
22/06/19,1561161600,375734
23/06/19,1561248000,415711
24/06/19,1561334400,443672
25/06/19,1561420800,574105
26/06/19,1561507200,403462
27/06/19,1561593600,390526
28/06/19,1561680000,644207
29/06/19,1561766400,390904
30/06/19,1561852800,438698
01/07/19,1561939200,628645
02/07/19,1562025600,610490
03/07/19,1562112000,507033
04/07/19,1562198400,465329
05/07/19,1562284800,570524
06/07/19,1562371200,524755
07/07/19,1562457600,401731
08/07/19,1562544000,500464
09/07/19,1562630400,421958
10/07/19,1562716800,391756
11/07/19,1562803200,634787
12/07/19,1562889600,414775
13/07/19,1562976000,325832
14/07/19,1563062400,374915
15/07/19,1563148800,439144
16/07/19,1563235200,710256
17/07/19,1563321600,527516
18/07/19,1563408000,394262
19/07/19,1563494400,588067
20/07/19,1563580800,476458
21/07/19,1563667200,382260
22/07/19,1563753600,439923
23/07/19,1563840000,401105
24/07/19,1563926400,649104
25/07/19,1564012800,738952
26/07/19,1564099200,452319
27/07/19,1564185600,370195
28/07/19,1564272000,420876
29/07/19,1564358400,388084
30/07/19,1564444800,396732
31/07/19,1564531200,469935
01/08/19,1564617600,629037
02/08/19,1564704000,525894
03/08/19,1564790400,542085
04/08/19,1564876800,406690
05/08/19,1564963200,435381
06/08/19,1565049600,419206
07/08/19,1565136000,471888
08/08/19,1565222400,532040
09/08/19,1565308800,453939
10/08/19,1565395200,364099
11/08/19,1565481600,325984
12/08/19,1565568000,419338
13/08/19,1565654400,419155
14/08/19,1565740800,415500
15/08/19,1565827200,396836
16/08/19,1565913600,431346
17/08/19,1566000000,388555
18/08/19,1566086400,376579
19/08/19,1566172800,432247
20/08/19,1566259200,437246
21/08/19,1566345600,461021
22/08/19,1566432000,447824
23/08/19,1566518400,448374
24/08/19,1566604800,410952
25/08/19,1566691200,429949
26/08/19,1566777600,446151
27/08/19,1566864000,470872
28/08/19,1566950400,431219
29/08/19,1567036800,435426
30/08/19,1567123200,450518
31/08/19,1567209600,422366
01/09/19,1567296000,435149
02/09/19,1567382400,459161
03/09/19,1567468800,456546
04/09/19,1567555200,459338
05/09/19,1567641600,472840
06/09/19,1567728000,464042
07/09/19,1567814400,415984
08/09/19,1567900800,423009
09/09/19,1567987200,473428
10/09/19,1568073600,416121
11/09/19,1568160000,415999
12/09/19,1568246400,443881
13/09/19,1568332800,379468
14/09/19,1568419200,384653
15/09/19,1568505600,368022
16/09/19,1568592000,431494
17/09/19,1568678400,408000
18/09/19,1568764800,407914
19/09/19,1568851200,411236
20/09/19,1568937600,424953
21/09/19,1569024000,335591
22/09/19,1569110400,331726
23/09/19,1569196800,387685
24/09/19,1569283200,415267
25/09/19,1569369600,387690
26/09/19,1569456000,375216
27/09/19,1569542400,382874
28/09/19,1569628800,358931
29/09/19,1569715200,337290
30/09/19,1569801600,395222
01/10/19,1569888000,450722
02/10/19,1569974400,521071
03/10/19,1570060800,527876
04/10/19,1570147200,542328
05/10/19,1570233600,362531
06/10/19,1570320000,554835
07/10/19,1570406400,437015
08/10/19,1570492800,464679
09/10/19,1570579200,502235
10/10/19,1570665600,449708
11/10/19,1570752000,460189
12/10/19,1570838400,430362
13/10/19,1570924800,359455
14/10/19,1571011200,453676
15/10/19,1571097600,444098
16/10/19,1571184000,470877
17/10/19,1571270400,467584
18/10/19,1571356800,478931
19/10/19,1571443200,415711
20/10/19,1571529600,405234
21/10/19,1571616000,460519
22/10/19,1571702400,493948
23/10/19,1571788800,500347
24/10/19,1571875200,485860
25/10/19,1571961600,463776
26/10/19,1572048000,450061
27/10/19,1572134400,421348
28/10/19,1572220800,464255
29/10/19,1572307200,443396
30/10/19,1572393600,471237
31/10/19,1572480000,513774
01/11/19,1572566400,470965
02/11/19,1572652800,360540
03/11/19,1572739200,356653
04/11/19,1572825600,425304
05/11/19,1572912000,450284
06/11/19,1572998400,445169
07/11/19,1573084800,506911
08/11/19,1573171200,431770
09/11/19,1573257600,358884
10/11/19,1573344000,375401
11/11/19,1573430400,463906
12/11/19,1573516800,439524
13/11/19,1573603200,461155
14/11/19,1573689600,449427
15/11/19,1573776000,455743
16/11/19,1573862400,379056
17/11/19,1573948800,380209
18/11/19,1574035200,477720
19/11/19,1574121600,496384
20/11/19,1574208000,442749
21/11/19,1574294400,502016
22/11/19,1574380800,485853
23/11/19,1574467200,397958
24/11/19,1574553600,393177
25/11/19,1574640000,482402
26/11/19,1574726400,443883
27/11/19,1574812800,587688
28/11/19,1574899200,731422
29/11/19,1574985600,489936
30/11/19,1575072000,501153
01/12/19,1575158400,505746
02/12/19,1575244800,524586
03/12/19,1575331200,502134
04/12/19,1575417600,539671
05/12/19,1575504000,464502
06/12/19,1575590400,383231
07/12/19,1575676800,356588
08/12/19,1575763200,499871
09/12/19,1575849600,520702
10/12/19,1575936000,518485
11/12/19,1576022400,417819
12/12/19,1576108800,437543
13/12/19,1576195200,410534
14/12/19,1576281600,366696
15/12/19,1576368000,352143
16/12/19,1576454400,419466
17/12/19,1576540800,416001
18/12/19,1576627200,433571
19/12/19,1576713600,406347
20/12/19,1576800000,396702
21/12/19,1576886400,340489
22/12/19,1576972800,343938
23/12/19,1577059200,408214
24/12/19,1577145600,395148
25/12/19,1577232000,368050
26/12/19,1577318400,371615
27/12/19,1577404800,387324
28/12/19,1577491200,316871
29/12/19,1577577600,291725
30/12/19,1577664000,372473
31/12/19,1577750400,354158
01/01/20,1577836800,313994
02/01/20,1577923200,323634
03/01/20,1578009600,389155
04/01/20,1578096000,385273
05/01/20,1578182400,363602
06/01/20,1578268800,395584
07/01/20,1578355200,416792
08/01/20,1578441600,493641
09/01/20,1578528000,380016
10/01/20,1578614400,402082
11/01/20,1578700800,334388
12/01/20,1578787200,299541
13/01/20,1578873600,542722
14/01/20,1578960000,438113
15/01/20,1579046400,428269
16/01/20,1579132800,440047
17/01/20,1579219200,421765
18/01/20,1579305600,463615
19/01/20,1579392000,394379
20/01/20,1579478400,373950
21/01/20,1579564800,350193
22/01/20,1579651200,336909
23/01/20,1579737600,349849
24/01/20,1579824000,367422
25/01/20,1579910400,297599
26/01/20,1579996800,278438
27/01/20,1580083200,327636
28/01/20,1580169600,353829
29/01/20,1580256000,348115
30/01/20,1580342400,392940
31/01/20,1580428800,444595
01/02/20,1580515200,364269
02/02/20,1580601600,341383
03/02/20,1580688000,379943
04/02/20,1580774400,314394
05/02/20,1580860800,348390
06/02/20,1580947200,350457
07/02/20,1581033600,372901
08/02/20,1581120000,425339
09/02/20,1581206400,406996
10/02/20,1581292800,473775
11/02/20,1581379200,422894
12/02/20,1581465600,518402
13/02/20,1581552000,556180
14/02/20,1581638400,600124
15/02/20,1581724800,435203
16/02/20,1581811200,394560
17/02/20,1581897600,450066
18/02/20,1581984000,443449
19/02/20,1582070400,424145
20/02/20,1582156800,426777
21/02/20,1582243200,430391
22/02/20,1582329600,369824
23/02/20,1582416000,316394
24/02/20,1582502400,394549
25/02/20,1582588800,383983
26/02/20,1582675200,430310
27/02/20,1582761600,412349
28/02/20,1582848000,407826
29/02/20,1582934400,377592
01/03/20,1583020800,370776
02/03/20,1583107200,403973
03/03/20,1583193600,382499
04/03/20,1583280000,394981
05/03/20,1583366400,463419
06/03/20,1583452800,400702
07/03/20,1583539200,376415
08/03/20,1583625600,393864
09/03/20,1583712000,464016
10/03/20,1583798400,488703
11/03/20,1583884800,457920
12/03/20,1583971200,450402
13/03/20,1584057600,488233
14/03/20,1584144000,452146
15/03/20,1584230400,407092
16/03/20,1584316800,469337
17/03/20,1584403200,479446
18/03/20,1584489600,501256
19/03/20,1584576000,595629
20/03/20,1584662400,539822
21/03/20,1584748800,580358
22/03/20,1584835200,515565
23/03/20,1584921600,528831
24/03/20,1585008000,554943
25/03/20,1585094400,500271
26/03/20,1585180800,486846
27/03/20,1585267200,459891
28/03/20,1585353600,407411
29/03/20,1585440000,371600
30/03/20,1585526400,441385
31/03/20,1585612800,463038
01/04/20,1585699200,482502
02/04/20,1585785600,453414
03/04/20,1585872000,433983
04/04/20,1585958400,375490
05/04/20,1586044800,375144
06/04/20,1586131200,448475
07/04/20,1586217600,455244
08/04/20,1586304000,457764
09/04/20,1586390400,455486
10/04/20,1586476800,516158
11/04/20,1586563200,782245
12/04/20,1586649600,729741
13/04/20,1586736000,570940
14/04/20,1586822400,577885
15/04/20,1586908800,626190
16/04/20,1586995200,605467
17/04/20,1587081600,610638
18/04/20,1587168000,427441
19/04/20,1587254400,452254
20/04/20,1587340800,533299
21/04/20,1587427200,491969
22/04/20,1587513600,501133
23/04/20,1587600000,466434
24/04/20,1587686400,492031
25/04/20,1587772800,452612
26/04/20,1587859200,435910
27/04/20,1587945600,474806
28/04/20,1588032000,498742
29/04/20,1588118400,487504
30/04/20,1588204800,456446
01/05/20,1588291200,429486
02/05/20,1588377600,436420
03/05/20,1588464000,406693
04/05/20,1588550400,665359
05/05/20,1588636800,476837
06/05/20,1588723200,853413
07/05/20,1588809600,1370266
08/05/20,1588896000,489429
09/05/20,1588982400,482854
10/05/20,1589068800,444205
11/05/20,1589155200,472008
12/05/20,1589241600,468060
13/05/20,1589328000,450821
14/05/20,1589414400,475016
15/05/20,1589500800,519038
16/05/20,1589587200,493251
17/05/20,1589673600,455396
18/05/20,1589760000,503686
19/05/20,1589846400,483110
20/05/20,1589932800,494345
21/05/20,1590019200,459940
22/05/20,1590105600,504740
23/05/20,1590192000,474949
24/05/20,1590278400,438448
25/05/20,1590364800,493044
26/05/20,1590451200,486543
27/05/20,1590537600,482264
28/05/20,1590624000,492060
29/05/20,1590710400,499509
30/05/20,1590796800,460933
31/05/20,1590883200,463271
01/06/20,1590969600,499801
02/06/20,1591056000,529945
03/06/20,1591142400,484729
04/06/20,1591228800,508151
05/06/20,1591315200,486211
06/06/20,1591401600,557473
07/06/20,1591488000,573222
08/06/20,1591574400,535339
09/06/20,1591660800,517044
10/06/20,1591747200,514404
11/06/20,1591833600,491277
12/06/20,1591920000,515655
13/06/20,1592006400,471643
14/06/20,1592092800,463063
15/06/20,1592179200,514653
16/06/20,1592265600,514563
17/06/20,1592352000,529859
18/06/20,1592438400,529846
19/06/20,1592524800,572897
20/06/20,1592611200,547762
21/06/20,1592697600,559428
22/06/20,1592784000,634837
23/06/20,1592870400,659346
24/06/20,1592956800,584545
25/06/20,1593043200,544169
26/06/20,1593129600,570798
27/06/20,1593216000,547007
28/06/20,1593302400,535941
29/06/20,1593388800,559913
30/06/20,1593475200,570953
01/07/20,1593561600,568406
02/07/20,1593648000,596188
03/07/20,1593734400,590844
04/07/20,1593820800,544421
05/07/20,1593907200,492667
06/07/20,1593993600,586049
07/07/20,1594080000,594732
08/07/20,1594166400,629970
09/07/20,1594252800,613391
10/07/20,1594339200,573716
11/07/20,1594425600,528691
12/07/20,1594512000,559093
13/07/20,1594598400,659918
14/07/20,1594684800,627006
15/07/20,1594771200,571263
16/07/20,1594857600,543190
17/07/20,1594944000,582189
18/07/20,1595030400,602926
19/07/20,1595116800,633438
20/07/20,1595203200,673343
21/07/20,1595289600,660325
22/07/20,1595376000,652397
23/07/20,1595462400,646703
24/07/20,1595548800,670674
25/07/20,1595635200,677550
26/07/20,1595721600,650173
27/07/20,1595808000,708791
28/07/20,1595894400,677661
29/07/20,1595980800,668519
30/07/20,1596067200,693366
31/07/20,1596153600,726870
01/08/20,1596240000,704662
02/08/20,1596326400,654478
03/08/20,1596412800,701438
04/08/20,1596499200,676166
05/08/20,1596585600,683130
06/08/20,1596672000,687868
07/08/20,1596758400,738711
08/08/20,1596844800,717674
09/08/20,1596931200,772604
10/08/20,1597017600,825333
11/08/20,1597104000,794248
12/08/20,1597190400,787084
13/08/20,1597276800,777824
14/08/20,1597363200,758913
15/08/20,1597449600,718154
16/08/20,1597536000,725333
17/08/20,1597622400,770494
18/08/20,1597708800,823354
19/08/20,1597795200,798076
20/08/20,1597881600,803562
21/08/20,1597968000,843942
22/08/20,1598054400,757154
23/08/20,1598140800,795007
24/08/20,1598227200,860096
25/08/20,1598313600,806092
26/08/20,1598400000,826240
27/08/20,1598486400,810725
28/08/20,1598572800,835637
29/08/20,1598659200,863889
30/08/20,1598745600,876757
31/08/20,1598832000,949155
01/09/20,1598918400,978688
02/09/20,1599004800,998753
03/09/20,1599091200,986426
04/09/20,1599177600,914460
05/09/20,1599264000,897740
06/09/20,1599350400,836061
07/09/20,1599436800,845539
08/09/20,1599523200,846538
09/09/20,1599609600,882500
10/09/20,1599696000,968679
11/09/20,1599782400,973608
12/09/20,1599868800,943188
13/09/20,1599955200,963404
14/09/20,1600041600,987395
15/09/20,1600128000,981865
16/09/20,1600214400,963869
17/09/20,1600300800,969820
18/09/20,1600387200,999369
19/09/20,1600473600,978819
20/09/20,1600560000,970932
21/09/20,1600646400,940495
22/09/20,1600732800,945719
23/09/20,1600819200,933479
24/09/20,1600905600,902284
25/09/20,1600992000,888034
26/09/20,1601078400,877127
27/09/20,1601164800,846923
28/09/20,1601251200,893960
29/09/20,1601337600,929463
30/09/20,1601424000,958913
01/10/20,1601510400,872258
02/10/20,1601596800,857632
03/10/20,1601683200,852085
04/10/20,1601769600,862958
05/10/20,1601856000,929214
06/10/20,1601942400,946355
07/10/20,1602028800,919912
08/10/20,1602115200,901236
09/10/20,1602201600,920272
10/10/20,1602288000,891639
11/10/20,1602374400,887063
12/10/20,1602460800,942638
13/10/20,1602547200,945979
14/10/20,1602633600,925357
15/10/20,1602720000,938860
16/10/20,1602806400,897951
17/10/20,1602892800,884121
18/10/20,1602979200,878575
19/10/20,1603065600,982336
20/10/20,1603152000,959605
21/10/20,1603238400,989882
22/10/20,1603324800,969757
23/10/20,1603411200,926391
24/10/20,1603497600,866814
25/10/20,1603584000,855745
26/10/20,1603670400,924530
27/10/20,1603756800,940074
28/10/20,1603843200,953164
29/10/20,1603929600,967085
30/10/20,1604016000,931888
31/10/20,1604102400,938257
01/11/20,1604188800,913350
02/11/20,1604275200,934755
03/11/20,1604361600,967398
04/11/20,1604448000,888464
05/11/20,1604534400,905364
06/11/20,1604620800,926431
07/11/20,1604707200,896602
08/11/20,1604793600,848151
09/11/20,1604880000,923181
10/11/20,1604966400,949592
11/11/20,1605052800,875907
12/11/20,1605139200,909409
13/11/20,1605225600,929992
14/11/20,1605312000,853355
15/11/20,1605398400,873338
16/11/20,1605484800,915263
17/11/20,1605571200,941284
18/11/20,1605657600,854947
19/11/20,1605744000,895207
20/11/20,1605830400,893861
21/11/20,1605916800,913780
22/11/20,1606003200,887030
23/11/20,1606089600,923403
24/11/20,1606176000,905207
25/11/20,1606262400,883838
26/11/20,1606348800,853978
27/11/20,1606435200,830196
28/11/20,1606521600,762473
29/11/20,1606608000,748165
30/11/20,1606694400,874706
01/12/20,1606780800,861434
02/12/20,1606867200,868884
03/12/20,1606953600,889930
04/12/20,1607040000,900383
05/12/20,1607126400,843820
06/12/20,1607212800,872536
07/12/20,1607299200,913856
08/12/20,1607385600,911670
09/12/20,1607472000,928659
10/12/20,1607558400,901195
11/12/20,1607644800,889686
12/12/20,1607731200,863433
13/12/20,1607817600,861110
14/12/20,1607904000,944861
15/12/20,1607990400,958462
16/12/20,1608076800,957194
17/12/20,1608163200,921579
18/12/20,1608249600,920804
19/12/20,1608336000,891097
20/12/20,1608422400,913631
21/12/20,1608508800,930165
22/12/20,1608595200,927322
23/12/20,1608681600,930937
24/12/20,1608768000,881551
25/12/20,1608854400,904308
26/12/20,1608940800,897680
27/12/20,1609027200,874902
28/12/20,1609113600,934961
29/12/20,1609200000,914917
30/12/20,1609286400,924589
31/12/20,1609372800,915403
01/01/21,1609459200,902125
02/01/21,1609545600,924703
03/01/21,1609632000,851089
04/01/21,1609718400,777590
05/01/21,1609804800,838580
06/01/21,1609891200,848603
07/01/21,1609977600,808651
08/01/21,1610064000,814561
09/01/21,1610150400,832816
10/01/21,1610236800,820047
11/01/21,1610323200,757100
12/01/21,1610409600,807354
13/01/21,1610496000,803117
14/01/21,1610582400,854434
15/01/21,1610668800,842726
16/01/21,1610755200,847649
17/01/21,1610841600,851298
18/01/21,1610928000,902839
19/01/21,1611014400,844361
20/01/21,1611100800,831413
21/01/21,1611187200,811609
22/01/21,1611273600,800820
23/01/21,1611360000,844960
24/01/21,1611446400,849003
25/01/21,1611532800,883954
26/01/21,1611619200,855468
27/01/21,1611705600,866040
28/01/21,1611792000,879431
29/01/21,1611878400,858340
30/01/21,1611964800,838594
31/01/21,1612051200,889923
01/02/21,1612137600,879857
02/02/21,1612224000,864232
03/02/21,1612310400,858657
04/02/21,1612396800,839784
05/02/21,1612483200,847405
06/02/21,1612569600,829515
07/02/21,1612656000,840017
08/02/21,1612742400,833493
09/02/21,1612828800,849049
10/02/21,1612915200,838729
11/02/21,1613001600,839375
12/02/21,1613088000,859865
13/02/21,1613174400,849809
14/02/21,1613260800,853722
15/02/21,1613347200,836615
16/02/21,1613433600,805200
17/02/21,1613520000,840625
18/02/21,1613606400,860018
19/02/21,1613692800,842208
20/02/21,1613779200,837065
21/02/21,1613865600,817649
22/02/21,1613952000,800504
23/02/21,1614038400,738571
24/02/21,1614124800,801522
25/02/21,1614211200,797097
26/02/21,1614297600,782292
27/02/21,1614384000,764982
28/02/21,1614470400,773850
01/03/21,1614556800,799735
02/03/21,1614643200,794399
03/03/21,1614729600,823585
04/03/21,1614816000,823779
05/03/21,1614902400,818139
06/03/21,1614988800,772472
07/03/21,1615075200,827363
08/03/21,1615161600,843648
09/03/21,1615248000,855846
10/03/21,1615334400,850924
11/03/21,1615420800,834936
12/03/21,1615507200,842462
13/03/21,1615593600,821828
14/03/21,1615680000,839830
15/03/21,1615766400,851233
16/03/21,1615852800,847805
17/03/21,1615939200,809819
18/03/21,1616025600,802716
19/03/21,1616112000,852011
20/03/21,1616198400,824277
21/03/21,1616284800,786493
22/03/21,1616371200,858256
23/03/21,1616457600,860115
24/03/21,1616544000,859106
25/03/21,1616630400,839189
26/03/21,1616716800,825898
27/03/21,1616803200,831146
28/03/21,1616889600,809759
29/03/21,1616976000,859856
30/03/21,1617062400,865558
31/03/21,1617148800,872051
01/04/21,1617235200,887161
02/04/21,1617321600,872953
03/04/21,1617408000,846382
04/04/21,1617494400,828827
05/04/21,1617580800,858191
06/04/21,1617667200,892560
07/04/21,1617753600,887469
08/04/21,1617840000,867995
09/04/21,1617926400,866488
10/04/21,1618012800,852569
11/04/21,1618099200,846517
12/04/21,1618185600,892600
13/04/21,1618272000,901504
14/04/21,1618358400,919731
15/04/21,1618444800,881911
16/04/21,1618531200,888966
17/04/21,1618617600,908438
18/04/21,1618704000,915104
19/04/21,1618790400,903992
20/04/21,1618876800,924863
21/04/21,1618963200,987773
22/04/21,1619049600,1050568
23/04/21,1619136000,1054691
24/04/21,1619222400,914207
25/04/21,1619308800,938826
26/04/21,1619395200,1004827
27/04/21,1619481600,1000936
28/04/21,1619568000,1028966
29/04/21,1619654400,1057970
30/04/21,1619740800,1060773
01/05/21,1619827200,1018030
02/05/21,1619913600,1015782
03/05/21,1620000000,1023094
04/05/21,1620086400,1063508
05/05/21,1620172800,1054799
06/05/21,1620259200,1051941
07/05/21,1620345600,1058334
08/05/21,1620432000,1071317
09/05/21,1620518400,1068958
10/05/21,1620604800,1076283
11/05/21,1620691200,1005843
12/05/21,1620777600,1018519
13/05/21,1620864000,1049146
14/05/21,1620950400,1026317
15/05/21,1621036800,1055733
16/05/21,1621123200,1013253
17/05/21,1621209600,1063518
18/05/21,1621296000,1062409
19/05/21,1621382400,1033560
20/05/21,1621468800,1029400
21/05/21,1621555200,1009485
22/05/21,1621641600,962530
23/05/21,1621728000,999340
24/05/21,1621814400,1026580
25/05/21,1621900800,1014364
26/05/21,1621987200,1013917
27/05/21,1622073600,941153
28/05/21,1622160000,1307369
29/05/21,1622246400,1024753
30/05/21,1622332800,1031339
31/05/21,1622419200,987038
01/06/21,1622505600,959702
02/06/21,1622592000,993976
03/06/21,1622678400,999616
04/06/21,1622764800,990889
05/06/21,1622851200,896207
06/06/21,1622937600,883691
07/06/21,1623024000,999366
08/06/21,1623110400,1004447
09/06/21,1623196800,961531
10/06/21,1623283200,967229
11/06/21,1623369600,979914
12/06/21,1623456000,946175
13/06/21,1623542400,884794
14/06/21,1623628800,941629
15/06/21,1623715200,1000784
16/06/21,1623801600,985814
17/06/21,1623888000,1010293
18/06/21,1623974400,977730
19/06/21,1624060800,895905
20/06/21,1624147200,903236
21/06/21,1624233600,979850
22/06/21,1624320000,1033026
23/06/21,1624406400,998491
24/06/21,1624492800,953631
25/06/21,1624579200,979147
26/06/21,1624665600,946817
27/06/21,1624752000,835266
28/06/21,1624838400,939953
29/06/21,1624924800,983205
30/06/21,1625011200,933858
01/07/21,1625097600,940459
02/07/21,1625184000,950272
03/07/21,1625270400,924085
04/07/21,1625356800,918361
05/07/21,1625443200,934117
06/07/21,1625529600,1095678
07/07/21,1625616000,1059671
08/07/21,1625702400,1042905
09/07/21,1625788800,1068038
10/07/21,1625875200,1024850
11/07/21,1625961600,958610
12/07/21,1626048000,1003283
13/07/21,1626134400,974273
14/07/21,1626220800,966802
15/07/21,1626307200,987724
16/07/21,1626393600,897977
17/07/21,1626480000,928023
18/07/21,1626566400,935148
19/07/21,1626652800,930966
20/07/21,1626739200,953858
21/07/21,1626825600,953916
22/07/21,1626912000,889664
23/07/21,1626998400,903952
24/07/21,1627084800,945398
25/07/21,1627171200,860654
26/07/21,1627257600,988586
27/07/21,1627344000,839903
28/07/21,1627430400,814999
29/07/21,1627516800,908480
30/07/21,1627603200,918467
31/07/21,1627689600,883653
01/08/21,1627776000,844536
02/08/21,1627862400,862462
03/08/21,1627948800,802086
04/08/21,1628035200,850252
05/08/21,1628121600,771565
06/08/21,1628208000,788011
07/08/21,1628294400,794687
08/08/21,1628380800,791153
09/08/21,1628467200,774422
10/08/21,1628553600,745957
11/08/21,1628640000,810510
12/08/21,1628726400,800349
13/08/21,1628812800,747003
14/08/21,1628899200,750349
15/08/21,1628985600,700465
16/08/21,1629072000,783253
17/08/21,1629158400,834600
18/08/21,1629244800,825878
19/08/21,1629331200,867180
20/08/21,1629417600,880567
21/08/21,1629504000,802662
22/08/21,1629590400,800648
23/08/21,1629676800,780617
24/08/21,1629763200,713140
25/08/21,1629849600,657925
26/08/21,1629936000,675994
27/08/21,1630022400,594663
28/08/21,1630108800,589364
29/08/21,1630195200,586716
30/08/21,1630281600,638596
31/08/21,1630368000,637678
01/09/21,1630454400,630799
02/09/21,1630540800,663891
03/09/21,1630627200,564045
04/09/21,1630713600,545343
05/09/21,1630800000,567409
06/09/21,1630886400,625803
07/09/21,1630972800,730007
08/09/21,1631059200,684087
09/09/21,1631145600,660373
10/09/21,1631232000,726895
11/09/21,1631318400,741203
12/09/21,1631404800,707823
13/09/21,1631491200,695615
14/09/21,1631577600,754885
15/09/21,1631664000,729581
16/09/21,1631750400,792402
17/09/21,1631836800,795446
18/09/21,1631923200,670126
19/09/21,1632009600,692879
20/09/21,1632096000,722335
21/09/21,1632182400,690858
22/09/21,1632268800,731745
23/09/21,1632355200,652808
24/09/21,1632441600,672935
25/09/21,1632528000,643728
26/09/21,1632614400,626556
27/09/21,1632700800,598930
28/09/21,1632787200,585061
29/09/21,1632873600,626371
30/09/21,1632960000,604008
01/10/21,1633046400,642498
02/10/21,1633132800,632862
03/10/21,1633219200,610390
04/10/21,1633305600,598489
05/10/21,1633392000,665320
06/10/21,1633478400,658259
07/10/21,1633564800,767392
08/10/21,1633651200,687490
09/10/21,1633737600,686958
10/10/21,1633824000,674646
11/10/21,1633910400,712166
12/10/21,1633996800,765226
